{
    "users": [
        {
            "id":"1",
            "firstName":"Animesh",
            "lastName":"Roy",
            "email":"ani@gmail.com",
            "age":21,
            "companyId":"1"
        },
        {
            "id":"2",
            "firstName":"Rahul",
            "lastName":"Sharma",
            "email":"rahul@gmail.com",
            "age":20,
            "companyId":"1"
        },
        {
            "id":"3",
            "firstName":"Mark",
            "lastName":"Tyson",
            "email":"lipon21@gmail.com",
            "age":22,
            "companyId":"1"
        }, 
        {
            "id":"4",
            "firstName":"Saurav",
            "lastName":"Kumar",
            "email":"saurav@gmail.com",
            "age":24,
            "companyId":"1"
        }
    ],
    "companies":[
        {
            "id":"1",
            "name":"Apple",
            "logo":"https://cdn.mos.cms.futurecdn.net/MFHVMYQCeJHMGop4u8VkzJ-1200-80.jpg",
            "description":"Apple Inc. is an American multinational technology company headquartered in Cupertino, California, that designs, develops, and sells consumer electronics, computer software, and online services. It is considered one of the Big Four technology companies, alongside Amazon, Google, and Microsoft."
        }, 
        {
            "id":"2",
            "name":"Microsoft",
            "logo":"https://stepshot.net/wp-content/uploads/2017/10/Microsoft-logo.jpg",
            "description":"Microsoft Corporation is an American multinational technology company with headquarters in Redmond, Washington. It develops, manufactures, licenses, supports, and sells computer software, consumer electronics, personal computers, and related services."
        },
        {
            "id":"3",
            "name":"Google",
            "logo":"https://voluntarysupport.org.uk/wp-content/uploads/2018/07/Google_logo.jpg",
            "description":"Google Inc., American search engine company, founded in 1998 by Sergey Brin and Larry Page, that is a subsidiary of the holding company Alphabet Inc. More than 70 percent of worldwide online search requests are handled by Google, placing it at the heart of most Internet users' experience."
        }
    ],
    "contacts": [
          {
            "name": "Animesh Roy",
            "country": "India",
            "phone": "2322984953",
            "id": 1
          },
          {
            "name": "Aakash Choudhury",
            "country": "USA",
            "phone": "4930384837",
            "id": 2
          },
          {
            "name": "Arun Dey",
            "country": "Brazil",
            "phone": "5748493812",
            "id": 3
          },
          {
            "name": "Vikash Choudhury",
            "country": "New Zeland",
            "phone": "9873625261",
            "id": 4
          },
          {
            "name": "Gaurav Gupta",
            "country": "Russia",
            "phone": "7002873284",
            "id": 5
          }
        ]
}